owner,repo,number
rajeshdh,twittersentiments,79
shobhitsingh29,saga_multiple_page,33
danish45007,maddit,14
developer-student-club-thapar,officialWebsite,438
STAC-IITMandi,STAC-IITMandi.github.io,210
k2glyph,react-material-admin-template,40
sambhav2612,keystone,74
khrj,teledrive,70
rajeshdh,jsStarterKit,60
Jorge-Bill,blog,52
TrigenSoftware,i18n-for-browser,370
keindev,string-lookup-manager,493
TrigenSoftware,i18n-for-react,237
2001-800080,graceshopperrepo,126
freedomlang,VueWordCloud,152
react-component,gulp-jsx2example,97
geeeger,ws-uploader,160
ngoctrantl,erc20-explorer,29
DIYgod,diygod.me,365
jeremyrajan,json-markdown,134
Badi-Cal,badi-events-app,41
SweakNetwork,chikuwagoddon,417
seijikohara,json-tree-view-vue3,110
takumi091111,website-nuxtjs,160
DeloitteDigitalAPAC,rhythm-ui,181
react-component,rc-server,43
webxmsj,blog-admin,130
TrigenSoftware,flexis-favicons,364
aaronhayes,hasura-sdk,69
CoinageCrypto,lamington,382
tidev,appcelerator.ble,141
eden-js,form,111
santosrai,Community.Activities,73
ruevko,slides,1
DotNetCodeIT,WebHooksServer,33
DotNetCodeIT,WebHooksServer,32
Asherlc,homecalc,105
feldroy,django-crash-starter,224
aerickson,volumio-plugins,62
feldroy,django-crash-starter,222
visormatt,generator,331
dijonkitchen,material-ui-pickers,9
nathang21,markdown-it,61
shaped1,Bot,15
atscott,is-adrian-going,315
ffffranklin,ffffranklin.github.io,264
dabutvin,grunt-markdown,122
Vyvy-vi-archives,lets-troll-ryan,6
Vyvy-vi-archives,lets-troll-ryan,3
andyesys,npgsql,37
lucaspanjer,activemq,6
andyesys,npgsql,36
mowatermelon,learning-angular-webapp,59
status-board,core,303
ipfs,js-dag-service,446
msrose,node-package,41
mondeja,remove-labels-gh-action,3
Meadowsys,sani,80
sayrilamar,react-color,120
helpyio,helpy,1973
aemc,goal-coach,22
uwpokerclub,app,32
aemc,jest,28
pilleye,jumpstart,78
aemc,goal-coach,21
aemc,material-ui,21
status-board,status-board,1165
ganoninc,gulp-webserver,52
moimikey,imagesloaded,44
mrlynn,meanstore,670
piemasters,MiniToTheMax,1539
yotie,micron,102
fu4303,mxb,10
fu4303,react-covid-tracker,10
belsrc,react-ts-demo,171
fu4303,mxb,8
usgs,nwisweb-tableau-data-connector,261
fu4303,mxbstr,8
fu4303,lauracharvey,8
fu4303,react-covid-tracker,8
fu4303,portfolio-dnd,10
fu4303,eb-products,17
decentraland,builder,1288
fu4303,pokedex,13
fu4303,react-hackernews,12
ruhacks,quill,29
fu4303,starter-nextjs-bus,8
mattblubaugh,javascript-development-environment,65
mark-monteiro,smokes-lets-go,28
rogeriorioli,personal_lp_nextjs,38
remotehour,rrule-duration,10
fu4303,starter-11ty-base,11
aemc,material-ui,20
lingnet,functions-samples,239
Judahh,pocketDoc,153
biglotteryfund,craft-dev,577
martinfrancois,wdio-mobile-utils,606
ember-learn,deprecation-app,831
cesi-it-aix,bea-front,143