Owner,Repo,Number
shobhitsingh29,saga_multiple_page,33
danish45007,maddit,14
developer-student-club-thapar,officialWebsite,438
STAC-IITMandi,STAC-IITMandi.github.io,210
k2glyph,react-material-admin-template,40
khrj,teledrive,70
Jorge-Bill,blog,52
TrigenSoftware,i18n-for-browser,370
keindev,string-lookup-manager,493
TrigenSoftware,i18n-for-react,237
react-component,gulp-jsx2example,97
geeeger,ws-uploader,160
ngoctrantl,erc20-explorer,29
jeremyrajan,json-markdown,134
Badi-Cal,badi-events-app,41
seijikohara,json-tree-view-vue3,110
takumi091111,website-nuxtjs,160
react-component,rc-server,43
webxmsj,blog-admin,130
TrigenSoftware,flexis-favicons,364
aaronhayes,hasura-sdk,69
CoinageCrypto,lamington,382
tidev,appcelerator.ble,141
eden-js,form,111
santosrai,Community.Activities,73
DotNetCodeIT,WebHooksServer,33
DotNetCodeIT,WebHooksServer,32
feldroy,django-crash-starter,224
aerickson,volumio-plugins,62
feldroy,django-crash-starter,222
dijonkitchen,material-ui-pickers,9
nathang21,markdown-it,61
shaped1,Bot,15
ffffranklin,ffffranklin.github.io,264
dabutvin,grunt-markdown,122
lucaspanjer,activemq,6
andyesys,npgsql,36
mowatermelon,learning-angular-webapp,59
status-board,core,303
ipfs,js-dag-service,446
msrose,node-package,41
Meadowsys,sani,80
sayrilamar,react-color,120
status-board,status-board,1165
ganoninc,gulp-webserver,52
moimikey,imagesloaded,44
mrlynn,meanstore,670
yotie,micron,102
fu4303,mxb,10
usgs,nwisweb-tableau-data-connector,261
fu4303,mxbstr,8
mattblubaugh,javascript-development-environment,65
mark-monteiro,smokes-lets-go,28
rogeriorioli,personal_lp_nextjs,38
lingnet,functions-samples,239
Judahh,pocketDoc,153
biglotteryfund,craft-dev,577
martinfrancois,wdio-mobile-utils,606
cesi-it-aix,bea-front,143