Owner,Repo,Number,SHA,Author,A_Date,Committer,C_Date,Message
rajeshdh,twittersentiments,79,ebd8361f84dfdefcb2f2780d53a4e3d9f748c4b8,dependabot-preview[bot],2021-04-05 23:31:02,GitHub,2021-04-05 23:31:02,[Security] Bump open from 0.0.5 to 8.0.5  Bumps [open](https://github.com/sindresorhus/open) from 0.0.5 to 8.0.5. **This update includes security fixes.** - [Release notes](https://github.com/sindresorhus/open/releases) - [Commits](https://github.com/sindresorhus/open/commits/v8.0.5)  Signed-off-by: dependabot-preview[bot] <support@dependabot.com>
shobhitsingh29,saga_multiple_page,33,0d9d099696f274fe7bda5ae169db6d36ab5b19dd,dependabot-preview[bot],2021-04-05 23:28:09,GitHub,2021-04-05 23:28:09,[Security] Bump open from 0.0.5 to 8.0.5  Bumps [open](https://github.com/sindresorhus/open) from 0.0.5 to 8.0.5. **This update includes security fixes.** - [Release notes](https://github.com/sindresorhus/open/releases) - [Commits](https://github.com/sindresorhus/open/commits/v8.0.5)  Signed-off-by: dependabot-preview[bot] <support@dependabot.com>
danish45007,maddit,14,7ff05830d92c3d6762958c3a22b36a1426d8cfab,dependabot-preview[bot],2021-04-05 23:26:30,GitHub,2021-04-05 23:26:30,[Security] Bump highlight.js from 10.4.0 to 10.7.2  Bumps [highlight.js](https://github.com/highlightjs/highlight.js) from 10.4.0 to 10.7.2. **This update includes a security fix.** - [Release notes](https://github.com/highlightjs/highlight.js/releases) - [Changelog](https://github.com/highlightjs/highlight.js/blob/10.7.2/CHANGES.md) - [Commits](https://github.com/highlightjs/highlight.js/compare/10.4.0...10.7.2)  Signed-off-by: dependabot-preview[bot] <support@dependabot.com>
developer-student-club-thapar,officialWebsite,438,1ce3bd6dc2859325839109326e43655e0cca235e,dependabot-preview[bot],2021-04-05 23:30:43,GitHub,2021-04-05 23:30:43,Bump pillow from 7.2.0 to 8.2.0  Bumps [pillow](https://github.com/python-pillow/Pillow) from 7.2.0 to 8.2.0. - [Release notes](https://github.com/python-pillow/Pillow/releases) - [Changelog](https://github.com/python-pillow/Pillow/blob/master/CHANGES.rst) - [Commits](https://github.com/python-pillow/Pillow/compare/7.2.0...8.2.0)  Signed-off-by: dependabot-preview[bot] <support@dependabot.com>
STAC-IITMandi,STAC-IITMandi.github.io,210,700536b8895a289df13df2529f249d45374c0b93,dependabot-preview[bot],2021-04-05 23:25:17,GitHub,2021-04-05 23:25:17,[Security] Bump django from 3.1.2 to 3.1.6  Bumps [django](https://github.com/django/django) from 3.1.2 to 3.1.6. **This update includes security fixes.** - [Release notes](https://github.com/django/django/releases) - [Commits](https://github.com/django/django/compare/3.1.2...3.1.6)  Signed-off-by: dependabot-preview[bot] <support@dependabot.com>
k2glyph,react-material-admin-template,40,3bf146d91b718a13ea76e1853766c1a0d90eb159,dependabot-preview[bot],2021-04-05 23:23:39,GitHub,2021-04-05 23:23:39,[Security] Bump open from 0.0.5 to 8.0.5  Bumps [open](https://github.com/sindresorhus/open) from 0.0.5 to 8.0.5. **This update includes security fixes.** - [Release notes](https://github.com/sindresorhus/open/releases) - [Commits](https://github.com/sindresorhus/open/commits/v8.0.5)  Signed-off-by: dependabot-preview[bot] <support@dependabot.com>
sambhav2612,keystone,74,51ac90740a5b2a76d64b6f9da3c7126f8a8a72f2,dependabot-preview[bot],2021-04-05 23:22:17,GitHub,2021-04-05 23:22:17,Bump sanitize-html from 1.20.1 to 2.3.3  Bumps [sanitize-html](https://github.com/apostrophecms/sanitize-html) from 1.20.1 to 2.3.3. - [Release notes](https://github.com/apostrophecms/sanitize-html/releases) - [Changelog](https://github.com/apostrophecms/sanitize-html/blob/main/CHANGELOG.md) - [Commits](https://github.com/apostrophecms/sanitize-html/commits/2.3.3)  Signed-off-by: dependabot-preview[bot] <support@dependabot.com>
khrj,teledrive,70,7d16bacd467079b7617d9cf1db9c6ee924b96262,dependabot-preview[bot],2021-04-05 23:19:59,GitHub,2021-04-05 23:19:59,[Security] Bump y18n from 5.0.2 to 5.0.6  Bumps [y18n](https://github.com/yargs/y18n) from 5.0.2 to 5.0.6. **This update includes a security fix.** - [Release notes](https://github.com/yargs/y18n/releases) - [Changelog](https://github.com/yargs/y18n/blob/master/CHANGELOG.md) - [Commits](https://github.com/yargs/y18n/compare/v5.0.2...v5.0.6)  Signed-off-by: dependabot-preview[bot] <support@dependabot.com>
rajeshdh,jsStarterKit,60,289ce040e0226aead98d65486c8348f341c84b21,dependabot-preview[bot],2021-04-05 23:16:03,GitHub,2021-04-05 23:16:03,[Security] Bump open from 0.0.5 to 8.0.5  Bumps [open](https://github.com/sindresorhus/open) from 0.0.5 to 8.0.5. **This update includes security fixes.** - [Release notes](https://github.com/sindresorhus/open/releases) - [Commits](https://github.com/sindresorhus/open/commits/v8.0.5)  Signed-off-by: dependabot-preview[bot] <support@dependabot.com>
Jorge-Bill,blog,52,e419051ca71656a93bedc1885cde494589f42366,dependabot-preview[bot],2021-04-05 22:48:22,GitHub,2021-04-05 22:48:22,[Security] Bump object-path from 0.11.4 to 0.11.5  Bumps [object-path](https://github.com/mariocasciaro/object-path) from 0.11.4 to 0.11.5. **This update includes a security fix.** - [Release notes](https://github.com/mariocasciaro/object-path/releases) - [Commits](https://github.com/mariocasciaro/object-path/commits)  Signed-off-by: dependabot-preview[bot] <support@dependabot.com>
TrigenSoftware,i18n-for-browser,370,0ae50e9fae22bdd6bad925789ed4b02c6ceaaf36,dependabot-preview[bot],2021-04-05 22:14:11,GitHub,2021-04-05 22:14:11,[Security] Bump highlight.js from 10.2.0 to 10.7.2  Bumps [highlight.js](https://github.com/highlightjs/highlight.js) from 10.2.0 to 10.7.2. **This update includes a security fix.** - [Release notes](https://github.com/highlightjs/highlight.js/releases) - [Changelog](https://github.com/highlightjs/highlight.js/blob/10.7.2/CHANGES.md) - [Commits](https://github.com/highlightjs/highlight.js/compare/10.2.0...10.7.2)  Signed-off-by: dependabot-preview[bot] <support@dependabot.com>
keindev,string-lookup-manager,493,ad1adc0e503bdcbcc25a35f43762735171025e7f,dependabot-preview[bot],2021-04-05 22:14:03,GitHub,2021-04-05 22:14:03,build(deps): [security] bump highlight.js from 10.2.0 to 10.7.2  Bumps [highlight.js](https://github.com/highlightjs/highlight.js) from 10.2.0 to 10.7.2. **This update includes a security fix.** - [Release notes](https://github.com/highlightjs/highlight.js/releases) - [Changelog](https://github.com/highlightjs/highlight.js/blob/10.7.2/CHANGES.md) - [Commits](https://github.com/highlightjs/highlight.js/compare/10.2.0...10.7.2)  Signed-off-by: dependabot-preview[bot] <support@dependabot.com>
TrigenSoftware,i18n-for-react,237,48c5095b642357e5a59a44aa4ec66ddc20884f49,dependabot-preview[bot],2021-04-05 22:13:16,GitHub,2021-04-05 22:13:16,[Security] Bump highlight.js from 10.3.1 to 10.7.2  Bumps [highlight.js](https://github.com/highlightjs/highlight.js) from 10.3.1 to 10.7.2. **This update includes a security fix.** - [Release notes](https://github.com/highlightjs/highlight.js/releases) - [Changelog](https://github.com/highlightjs/highlight.js/blob/10.7.2/CHANGES.md) - [Commits](https://github.com/highlightjs/highlight.js/compare/10.3.1...10.7.2)  Signed-off-by: dependabot-preview[bot] <support@dependabot.com>
2001-800080,graceshopperrepo,126,401b8be124a355d67e3c5ad2074aded7684c8516,dependabot-preview[bot],2021-05-12 20:51:40,GitHub,2021-05-12 20:51:40,[Security] Bump y18n from 3.2.1 to 3.2.2  Bumps [y18n](https://github.com/yargs/y18n) from 3.2.1 to 3.2.2. **This update includes a security fix.** - [Release notes](https://github.com/yargs/y18n/releases) - [Changelog](https://github.com/yargs/y18n/blob/master/CHANGELOG.md) - [Commits](https://github.com/yargs/y18n/commits)  Signed-off-by: dependabot-preview[bot] <support@dependabot.com>
freedomlang,VueWordCloud,152,a03c0f20300445c3365c4a65773d988e68bc3d04,dependabot-preview[bot],2021-04-05 21:22:56,GitHub,2021-04-05 21:22:56,chore(deps): [security] bump yargs-parser from 4.2.1 to 5.0.1  Bumps [yargs-parser](https://github.com/yargs/yargs-parser) from 4.2.1 to 5.0.1. **This update includes a security fix.** - [Release notes](https://github.com/yargs/yargs-parser/releases) - [Changelog](https://github.com/yargs/yargs-parser/blob/v5.0.1/CHANGELOG.md) - [Commits](https://github.com/yargs/yargs-parser/compare/v4.2.1...v5.0.1)  Signed-off-by: dependabot-preview[bot] <support@dependabot.com>
react-component,gulp-jsx2example,97,dc4bca05610adf4685cc09a6840f8b0535284a9c,dependabot-preview[bot],2021-04-05 21:20:17,GitHub,2021-04-05 21:20:17,chore(deps): [security] bump highlight.js from 8.9.1 to 10.7.2  Bumps [highlight.js](https://github.com/highlightjs/highlight.js) from 8.9.1 to 10.7.2. **This update includes a security fix.** - [Release notes](https://github.com/highlightjs/highlight.js/releases) - [Changelog](https://github.com/highlightjs/highlight.js/blob/10.7.2/CHANGES.md) - [Commits](https://github.com/highlightjs/highlight.js/compare/8.9.1...10.7.2)  Signed-off-by: dependabot-preview[bot] <support@dependabot.com>
geeeger,ws-uploader,160,0ecbf19fc75440964dc2e92fe7605a6c07222dc5,dependabot-preview[bot],2021-04-05 21:15:09,GitHub,2021-04-05 21:15:09,chore(deps): [security] bump highlight.js from 10.3.2 to 10.7.2  Bumps [highlight.js](https://github.com/highlightjs/highlight.js) from 10.3.2 to 10.7.2. **This update includes a security fix.** - [Release notes](https://github.com/highlightjs/highlight.js/releases) - [Changelog](https://github.com/highlightjs/highlight.js/blob/10.7.2/CHANGES.md) - [Commits](https://github.com/highlightjs/highlight.js/compare/10.3.2...10.7.2)  Signed-off-by: dependabot-preview[bot] <support@dependabot.com>
ngoctrantl,erc20-explorer,29,7dbd39c075bd0bc497bb19d83116a053c213060a,dependabot-preview[bot],2021-04-05 22:13:50,GitHub,2021-04-05 22:13:50,[Security] Bump web3 from 0.19.1 to 1.3.5  Bumps [web3](https://github.com/ethereum/web3.js) from 0.19.1 to 1.3.5. **This update includes a security fix.** - [Release notes](https://github.com/ethereum/web3.js/releases) - [Changelog](https://github.com/ChainSafe/web3.js/blob/1.x/CHANGELOG.md) - [Commits](https://github.com/ethereum/web3.js/commits/v1.3.5)  Signed-off-by: dependabot-preview[bot] <support@dependabot.com>
DIYgod,diygod.me,365,1a9097d094329ecbf2417da350a7b96dfb924504,dependabot-preview[bot],2021-04-05 21:13:00,GitHub,2021-04-05 21:13:00,chore(deps): [security] bump highlight.js from 10.0.1 to 10.7.2  Bumps [highlight.js](https://github.com/highlightjs/highlight.js) from 10.0.1 to 10.7.2. **This update includes security fixes.** - [Release notes](https://github.com/highlightjs/highlight.js/releases) - [Changelog](https://github.com/highlightjs/highlight.js/blob/10.7.2/CHANGES.md) - [Commits](https://github.com/highlightjs/highlight.js/compare/10.0.1...10.7.2)  Signed-off-by: dependabot-preview[bot] <support@dependabot.com>
jeremyrajan,json-markdown,134,210fab981bcff7a811b2045c7122dbf57f412569,dependabot-preview[bot],2021-04-05 21:12:35,GitHub,2021-04-05 21:12:35,[Security] Bump y18n from 5.0.3 to 5.0.6  Bumps [y18n](https://github.com/yargs/y18n) from 5.0.3 to 5.0.6. **This update includes a security fix.** - [Release notes](https://github.com/yargs/y18n/releases) - [Changelog](https://github.com/yargs/y18n/blob/master/CHANGELOG.md) - [Commits](https://github.com/yargs/y18n/compare/v5.0.3...v5.0.6)  Signed-off-by: dependabot-preview[bot] <support@dependabot.com>
Badi-Cal,badi-events-app,41,933cd280f1b9a5ab17f9a99675841a7d76a4de9b,dependabot-preview[bot],2021-04-05 20:37:53,GitHub,2021-04-05 20:37:53,[Security] Bump y18n from 4.0.0 to 4.0.1  Bumps [y18n](https://github.com/yargs/y18n) from 4.0.0 to 4.0.1. **This update includes a security fix.** - [Release notes](https://github.com/yargs/y18n/releases) - [Changelog](https://github.com/yargs/y18n/blob/master/CHANGELOG.md) - [Commits](https://github.com/yargs/y18n/commits)  Signed-off-by: dependabot-preview[bot] <support@dependabot.com>
SweakNetwork,chikuwagoddon,417,b363501a2b8db03b8de7f45ec435214ae402b81d,dependabot-preview[bot],2021-04-05 20:25:31,GitHub,2021-04-05 20:25:31,[Security] Bump pghero from 2.3.0 to 2.8.1  Bumps [pghero](https://github.com/ankane/pghero) from 2.3.0 to 2.8.1. **This update includes security fixes.** - [Release notes](https://github.com/ankane/pghero/releases) - [Changelog](https://github.com/ankane/pghero/blob/master/CHANGELOG.md) - [Commits](https://github.com/ankane/pghero/compare/v2.3.0...v2.8.1)  Signed-off-by: dependabot-preview[bot] <support@dependabot.com>
seijikohara,json-tree-view-vue3,110,26663377de9c9f70124c0df3abf12d8a3405c372,dependabot-preview[bot],2021-04-05 20:21:53,GitHub,2021-04-05 20:21:53,[Security] Bump highlight.js from 10.4.0 to 10.7.2  Bumps [highlight.js](https://github.com/highlightjs/highlight.js) from 10.4.0 to 10.7.2. **This update includes a security fix.** - [Release notes](https://github.com/highlightjs/highlight.js/releases) - [Changelog](https://github.com/highlightjs/highlight.js/blob/10.7.2/CHANGES.md) - [Commits](https://github.com/highlightjs/highlight.js/compare/10.4.0...10.7.2)  Signed-off-by: dependabot-preview[bot] <support@dependabot.com>
takumi091111,website-nuxtjs,160,c82cd0f1a2ba66f71755b43d21dd31c5a2a2342f,dependabot-preview[bot],2021-04-05 20:16:54,GitHub,2021-04-05 20:16:54,[Security] Bump highlight.js from 9.18.5 to 10.7.2  Bumps [highlight.js](https://github.com/highlightjs/highlight.js) from 9.18.5 to 10.7.2. **This update includes a security fix.** - [Release notes](https://github.com/highlightjs/highlight.js/releases) - [Changelog](https://github.com/highlightjs/highlight.js/blob/10.7.2/CHANGES.md) - [Commits](https://github.com/highlightjs/highlight.js/compare/9.18.5...10.7.2)  Signed-off-by: dependabot-preview[bot] <support@dependabot.com>
DeloitteDigitalAPAC,rhythm-ui,181,c2fb2971cf643b1f17172feaa1d16aa81a675e84,dependabot-preview[bot],2021-04-05 19:21:24,GitHub,2021-04-05 19:21:24,[Security] Bump handlebars from 4.1.2 to 4.7.7  Bumps [handlebars](https://github.com/wycats/handlebars.js) from 4.1.2 to 4.7.7. **This update includes security fixes.** - [Release notes](https://github.com/wycats/handlebars.js/releases) - [Changelog](https://github.com/handlebars-lang/handlebars.js/blob/master/release-notes.md) - [Commits](https://github.com/wycats/handlebars.js/compare/v4.1.2...v4.7.7)  Signed-off-by: dependabot-preview[bot] <support@dependabot.com>
react-component,rc-server,43,541c06a563aefb0e66e2aba357ee2e31aebb65aa,dependabot-preview[bot],2021-04-05 21:12:56,GitHub,2021-04-05 21:12:56,[Security] Bump highlight.js from 8.4.0 to 10.7.2  Bumps [highlight.js](https://github.com/highlightjs/highlight.js) from 8.4.0 to 10.7.2. **This update includes a security fix.** - [Release notes](https://github.com/highlightjs/highlight.js/releases) - [Changelog](https://github.com/highlightjs/highlight.js/blob/10.7.2/CHANGES.md) - [Commits](https://github.com/highlightjs/highlight.js/compare/8.4...10.7.2)  Signed-off-by: dependabot-preview[bot] <support@dependabot.com>
webxmsj,blog-admin,130,fe57c435d507b2c90eb29d314e8f3f5f208b9ee8,dependabot-preview[bot],2021-04-05 21:32:21,GitHub,2021-04-05 21:32:21,build(deps): [security] bump highlight.js from 9.18.5 to 10.7.2  Bumps [highlight.js](https://github.com/highlightjs/highlight.js) from 9.18.5 to 10.7.2. **This update includes a security fix.** - [Release notes](https://github.com/highlightjs/highlight.js/releases) - [Changelog](https://github.com/highlightjs/highlight.js/blob/10.7.2/CHANGES.md) - [Commits](https://github.com/highlightjs/highlight.js/compare/9.18.5...10.7.2)  Signed-off-by: dependabot-preview[bot] <support@dependabot.com>
TrigenSoftware,flexis-favicons,364,e0524d62ccdd9cb7d2033870b4adc5baf1a88aeb,dependabot-preview[bot],2021-04-05 22:13:51,GitHub,2021-04-05 22:13:51,[Security] Bump highlight.js from 10.2.1 to 10.7.2  Bumps [highlight.js](https://github.com/highlightjs/highlight.js) from 10.2.1 to 10.7.2. **This update includes a security fix.** - [Release notes](https://github.com/highlightjs/highlight.js/releases) - [Changelog](https://github.com/highlightjs/highlight.js/blob/10.7.2/CHANGES.md) - [Commits](https://github.com/highlightjs/highlight.js/compare/10.2.1...10.7.2)  Signed-off-by: dependabot-preview[bot] <support@dependabot.com>
aaronhayes,hasura-sdk,69,ba6295d281e9f86fd095f348c0ff54ab999cfe33,dependabot-preview[bot],2021-04-05 19:17:33,GitHub,2021-04-05 19:17:33,build(deps): [security] bump highlight.js from 10.2.0 to 10.7.2  Bumps [highlight.js](https://github.com/highlightjs/highlight.js) from 10.2.0 to 10.7.2. **This update includes a security fix.** - [Release notes](https://github.com/highlightjs/highlight.js/releases) - [Changelog](https://github.com/highlightjs/highlight.js/blob/10.7.2/CHANGES.md) - [Commits](https://github.com/highlightjs/highlight.js/compare/10.2.0...10.7.2)  Signed-off-by: dependabot-preview[bot] <support@dependabot.com>
CoinageCrypto,lamington,382,5386e2283aef86f27b08301b425a8fa6c596d9ea,dependabot-preview[bot],2021-04-05 19:15:27,GitHub,2021-04-05 19:15:27,[Security] Bump highlight.js from 10.1.2 to 10.7.2  Bumps [highlight.js](https://github.com/highlightjs/highlight.js) from 10.1.2 to 10.7.2. **This update includes a security fix.** - [Release notes](https://github.com/highlightjs/highlight.js/releases) - [Changelog](https://github.com/highlightjs/highlight.js/blob/10.7.2/CHANGES.md) - [Commits](https://github.com/highlightjs/highlight.js/compare/10.1.2...10.7.2)  Signed-off-by: dependabot-preview[bot] <support@dependabot.com>
tidev,appcelerator.ble,141,cf32ade4fb52186f2edd8f795b7475f702f3d14d,dependabot-preview[bot],2021-04-05 18:05:59,GitHub,2021-04-05 18:05:59,build(deps): [security] bump node-fetch from 2.6.0 to 2.6.1  Bumps [node-fetch](https://github.com/bitinn/node-fetch) from 2.6.0 to 2.6.1. **This update includes a security fix.** - [Release notes](https://github.com/bitinn/node-fetch/releases) - [Changelog](https://github.com/node-fetch/node-fetch/blob/master/docs/CHANGELOG.md) - [Commits](https://github.com/bitinn/node-fetch/compare/v2.6.0...v2.6.1)  Signed-off-by: dependabot-preview[bot] <support@dependabot.com>
eden-js,form,111,4ac2b19f10c00f00e3c015be1006010b4943f3dc,dependabot-preview[bot],2021-04-05 17:18:05,GitHub,2021-04-05 17:18:05,[Security] Bump highlight.js from 9.14.2 to 10.7.2  Bumps [highlight.js](https://github.com/highlightjs/highlight.js) from 9.14.2 to 10.7.2. **This update includes security fixes.** - [Release notes](https://github.com/highlightjs/highlight.js/releases) - [Changelog](https://github.com/highlightjs/highlight.js/blob/10.7.2/CHANGES.md) - [Commits](https://github.com/highlightjs/highlight.js/compare/9.14.2...10.7.2)  Signed-off-by: dependabot-preview[bot] <support@dependabot.com>
santosrai,Community.Activities,73,8840c86cbc026e8dbaff29ff7319a22e6e84dbfe,dependabot-preview[bot],2021-04-05 15:55:40,GitHub,2021-04-05 15:55:40,[Security] Bump System.Net.Http from 4.3.1 to 4.3.2  Bumps System.Net.Http from 4.3.1 to 4.3.2. **This update includes a security fix.**  Signed-off-by: dependabot-preview[bot] <support@dependabot.com>
ruevko,slides,1,355c4209d6fe2b71f824f73b96528ff16d1dbb7e,dependabot-preview[bot],2021-04-05 18:04:40,GitHub,2021-04-05 18:04:40,[Security] Bump nokogiri from 1.10.10 to 1.11.2  Bumps [nokogiri](https://github.com/sparklemotion/nokogiri) from 1.10.10 to 1.11.2. **This update includes security fixes.** - [Release notes](https://github.com/sparklemotion/nokogiri/releases) - [Changelog](https://github.com/sparklemotion/nokogiri/blob/main/CHANGELOG.md) - [Commits](https://github.com/sparklemotion/nokogiri/compare/v1.10.10...v1.11.2)  Signed-off-by: dependabot-preview[bot] <support@dependabot.com>
DotNetCodeIT,WebHooksServer,33,4807f5661379721343d72eb5cdb84ab9d3d7e5a1,dependabot-preview[bot],2021-04-05 15:55:34,GitHub,2021-04-05 15:55:34,[Security] Bump System.Net.Http from 4.3.1 to 4.3.2  Bumps System.Net.Http from 4.3.1 to 4.3.2. **This update includes a security fix.**  Signed-off-by: dependabot-preview[bot] <support@dependabot.com>
DotNetCodeIT,WebHooksServer,32,da4883d02aca9576bf6a4ace23925d4e7a48f82e,dependabot-preview[bot],2021-04-05 15:55:32,GitHub,2021-04-05 15:55:32,[Security] Bump System.Text.Encodings.Web from 4.3.0 to 4.3.1  Bumps System.Text.Encodings.Web from 4.3.0 to 4.3.1. **This update includes a security fix.**  Signed-off-by: dependabot-preview[bot] <support@dependabot.com>
Asherlc,homecalc,105,b3c74cc8929ed22b3e198faec8ab9799f06faa24,dependabot-preview[bot],2021-04-05 13:57:10,GitHub,2021-04-05 13:57:10,Bump chrono-node from 2.1.8 to 2.2.6  Bumps [chrono-node](https://github.com/wanasit/chrono) from 2.1.8 to 2.2.6. - [Release notes](https://github.com/wanasit/chrono/releases) - [Commits](https://github.com/wanasit/chrono/compare/v2.1.8...v2.2.6)  Signed-off-by: dependabot-preview[bot] <support@dependabot.com>
feldroy,django-crash-starter,224,76fa592e7e1970459aa21e0d5410650734d6a17c,dependabot-preview[bot],2021-04-05 13:48:54,GitHub,2021-04-05 13:48:54,Bump pillow from 7.2.0 to 8.2.0  Bumps [pillow](https://github.com/python-pillow/Pillow) from 7.2.0 to 8.2.0. - [Release notes](https://github.com/python-pillow/Pillow/releases) - [Changelog](https://github.com/python-pillow/Pillow/blob/master/CHANGES.rst) - [Commits](https://github.com/python-pillow/Pillow/compare/7.2.0...8.2.0)  Signed-off-by: dependabot-preview[bot] <support@dependabot.com>
aerickson,volumio-plugins,62,ed8066b6aee12681ad04cd528a1893e967317a4e,dependabot-preview[bot],2021-04-05 13:47:00,GitHub,2021-04-05 13:47:00,[Security] Bump googleapis in /plugins/music_service/youtube  Bumps [googleapis](https://github.com/googleapis/google-api-nodejs-client) from 19.0.0 to 70.0.0. **This update includes a security fix.** - [Release notes](https://github.com/googleapis/google-api-nodejs-client/releases) - [Changelog](https://github.com/googleapis/google-api-nodejs-client/blob/master/CHANGELOG.md) - [Commits](https://github.com/googleapis/google-api-nodejs-client/commits/googleapis-v70.0.0)  Signed-off-by: dependabot-preview[bot] <support@dependabot.com>
feldroy,django-crash-starter,222,040847db2b1e4b43fac7fd88667f779ef8ddb064,dependabot-preview[bot],2021-04-05 13:44:32,GitHub,2021-04-05 13:44:32,Bump pillow in /{{cookiecutter.project_slug}}/requirements  Bumps [pillow](https://github.com/python-pillow/Pillow) from 7.2.0 to 8.2.0. - [Release notes](https://github.com/python-pillow/Pillow/releases) - [Changelog](https://github.com/python-pillow/Pillow/blob/master/CHANGES.rst) - [Commits](https://github.com/python-pillow/Pillow/compare/7.2.0...8.2.0)  Signed-off-by: dependabot-preview[bot] <support@dependabot.com>
visormatt,generator,331,7679d80b73f6e277d8b0cbe8018ef91186050d63,dependabot-preview[bot],2021-04-05 13:32:39,GitHub,2021-04-05 13:32:39,[Security] Bump highlight.js from 10.2.0 to 10.7.2  Bumps [highlight.js](https://github.com/highlightjs/highlight.js) from 10.2.0 to 10.7.2. **This update includes a security fix.** - [Release notes](https://github.com/highlightjs/highlight.js/releases) - [Changelog](https://github.com/highlightjs/highlight.js/blob/10.7.2/CHANGES.md) - [Commits](https://github.com/highlightjs/highlight.js/compare/10.2.0...10.7.2)  Signed-off-by: dependabot-preview[bot] <support@dependabot.com>
dijonkitchen,material-ui-pickers,9,bccf0d3c157e80a6449c6f407037bfdbd1aed285,dependabot-preview[bot],2021-04-05 13:31:56,GitHub,2021-04-05 13:31:56,[Security] Bump prismjs from 1.21.0 to 1.23.0  Bumps [prismjs](https://github.com/PrismJS/prism) from 1.21.0 to 1.23.0. **This update includes a security fix.** - [Release notes](https://github.com/PrismJS/prism/releases) - [Changelog](https://github.com/PrismJS/prism/blob/master/CHANGELOG.md) - [Commits](https://github.com/PrismJS/prism/compare/v1.21.0...v1.23.0)  Signed-off-by: dependabot-preview[bot] <support@dependabot.com>
nathang21,markdown-it,61,22e0f27d730728180d775fd21e4238e1e28d97b9,dependabot-preview[bot],2021-04-05 13:29:48,GitHub,2021-04-05 13:29:48,[Security] Bump highlight.js from 9.18.5 to 10.7.2  Bumps [highlight.js](https://github.com/highlightjs/highlight.js) from 9.18.5 to 10.7.2. **This update includes a security fix.** - [Release notes](https://github.com/highlightjs/highlight.js/releases) - [Changelog](https://github.com/highlightjs/highlight.js/blob/10.7.2/CHANGES.md) - [Commits](https://github.com/highlightjs/highlight.js/compare/9.18.5...10.7.2)  Signed-off-by: dependabot-preview[bot] <support@dependabot.com>
shaped1,Bot,15,5c3049c63ab226b4a553d00bcbe0f19537b27c07,dependabot-preview[bot],2021-04-05 13:29:20,GitHub,2021-04-05 13:29:20,[Security] Bump highlight.js from 10.4.0 to 10.7.2  Bumps [highlight.js](https://github.com/highlightjs/highlight.js) from 10.4.0 to 10.7.2. **This update includes a security fix.** - [Release notes](https://github.com/highlightjs/highlight.js/releases) - [Changelog](https://github.com/highlightjs/highlight.js/blob/10.7.2/CHANGES.md) - [Commits](https://github.com/highlightjs/highlight.js/compare/10.4.0...10.7.2)  Signed-off-by: dependabot-preview[bot] <support@dependabot.com>
atscott,is-adrian-going,315,5c57c3c0fe5a00dd294a59e835bd72c15b6fe084,dependabot-preview[bot],2021-04-05 13:20:57,GitHub,2021-04-05 13:20:57,[Security] Bump yargs-parser from 11.1.1 to 13.1.2  Bumps [yargs-parser](https://github.com/yargs/yargs-parser) from 11.1.1 to 13.1.2. **This update includes security fixes.** - [Release notes](https://github.com/yargs/yargs-parser/releases) - [Changelog](https://github.com/yargs/yargs-parser/blob/master/docs/CHANGELOG-full.md) - [Commits](https://github.com/yargs/yargs-parser/commits)  Signed-off-by: dependabot-preview[bot] <support@dependabot.com>
ffffranklin,ffffranklin.github.io,264,21a4b328cb62ee82f8e2ade271aa8771914e7475,dependabot-preview[bot],2021-04-05 13:19:03,GitHub,2021-04-05 13:19:03,[Security] Bump kramdown from 1.17.0 to 2.3.1  Bumps [kramdown](https://github.com/gettalong/kramdown) from 1.17.0 to 2.3.1. **This update includes security fixes.** - [Release notes](https://github.com/gettalong/kramdown/releases) - [Changelog](https://github.com/gettalong/kramdown/blob/master/doc/news.page) - [Commits](https://github.com/gettalong/kramdown/commits)  Signed-off-by: dependabot-preview[bot] <support@dependabot.com>
dabutvin,grunt-markdown,122,66fbe12c62ea7b3185524d39343d06e4017f0d1f,dependabot-preview[bot],2021-04-05 13:14:08,GitHub,2021-04-05 13:14:08,[Security] Bump highlight.js from 8.4.0 to 10.7.2  Bumps [highlight.js](https://github.com/highlightjs/highlight.js) from 8.4.0 to 10.7.2. **This update includes a security fix.** - [Release notes](https://github.com/highlightjs/highlight.js/releases) - [Changelog](https://github.com/highlightjs/highlight.js/blob/10.7.2/CHANGES.md) - [Commits](https://github.com/highlightjs/highlight.js/compare/8.4...10.7.2)  Signed-off-by: dependabot-preview[bot] <support@dependabot.com>
Vyvy-vi-archives,lets-troll-ryan,6,8c55dbb93b617c747556250b6fc5e250f0e7cdba,dependabot-preview[bot],2021-04-05 12:29:50,GitHub,2021-04-05 12:29:50,build(deps): [security] bump react-dev-utils from 11.0.1 to 11.0.4  Bumps [react-dev-utils](https://github.com/facebook/create-react-app/tree/HEAD/packages/react-dev-utils) from 11.0.1 to 11.0.4. **This update includes a security fix.** - [Release notes](https://github.com/facebook/create-react-app/releases) - [Changelog](https://github.com/facebook/create-react-app/blob/master/CHANGELOG-1.x.md) - [Commits](https://github.com/facebook/create-react-app/commits/HEAD/packages/react-dev-utils)  Signed-off-by: dependabot-preview[bot] <support@dependabot.com>
Vyvy-vi-archives,lets-troll-ryan,3,5d1757690f66f3253e5cd73910274bd73d6af7bf,dependabot-preview[bot],2021-04-05 12:27:10,GitHub,2021-04-05 12:27:10,build(deps): [security] bump elliptic from 6.5.3 to 6.5.4  Bumps [elliptic](https://github.com/indutny/elliptic) from 6.5.3 to 6.5.4. **This update includes a security fix.** - [Release notes](https://github.com/indutny/elliptic/releases) - [Commits](https://github.com/indutny/elliptic/compare/v6.5.3...v6.5.4)  Signed-off-by: dependabot-preview[bot] <support@dependabot.com>
andyesys,npgsql,37,1d2089a3fce8f3e9b0cc4cf65b446ed2399333e5,dependabot-preview[bot],2021-04-05 15:55:38,GitHub,2021-04-05 15:55:38,[Security] Bump System.Net.Security from 4.3.0 to 4.3.1  Bumps System.Net.Security from 4.3.0 to 4.3.1. **This update includes a security fix.**  Signed-off-by: dependabot-preview[bot] <support@dependabot.com>
lucaspanjer,activemq,6,1198bd5a53780a6caf9ec2645ad5a4b3451cac50,dependabot-preview[bot],2021-04-05 13:49:39,GitHub,2021-04-05 13:49:39,[Security] Bump netty-all-version from 4.1.53.Final to 4.1.63.Final  Bumps `netty-all-version` from 4.1.53.Final to 4.1.63.Final.  Updates `netty-buffer` from 4.1.53.Final to 4.1.63.Final - [Release notes](https://github.com/netty/netty/releases) - [Commits](https://github.com/netty/netty/compare/netty-4.1.53.Final...netty-4.1.63.Final)  Updates `netty-common` from 4.1.53.Final to 4.1.63.Final - [Release notes](https://github.com/netty/netty/releases) - [Commits](https://github.com/netty/netty/compare/netty-4.1.53.Final...netty-4.1.63.Final)  Updates `netty-handler` from 4.1.53.Final to 4.1.63.Final - [Release notes](https://github.com/netty/netty/releases) - [Commits](https://github.com/netty/netty/compare/netty-4.1.53.Final...netty-4.1.63.Final)  Updates `netty-codec-http` from 4.1.53.Final to 4.1.63.Final - [Release notes](https://github.com/netty/netty/releases) - [Commits](https://github.com/netty/netty/compare/netty-4.1.53.Final...netty-4.1.63.Final)  Updates `netty-transport` from 4.1.53.Final to 4.1.63.Final - [Release notes](https://github.com/netty/netty/releases) - [Commits](https://github.com/netty/netty/compare/netty-4.1.53.Final...netty-4.1.63.Final)  Updates `netty-all` from 4.1.53.Final to 4.1.63.Final - [Release notes](https://github.com/netty/netty/releases) - [Commits](https://github.com/netty/netty/compare/netty-4.1.53.Final...netty-4.1.63.Final)  Signed-off-by: dependabot-preview[bot] <support@dependabot.com>
andyesys,npgsql,36,3b143f52964e4a5cccd5a945cecfb64f880a5c4f,dependabot-preview[bot],2021-04-05 15:55:36,GitHub,2021-04-05 15:55:36,[Security] Bump System.Net.Http from 4.3.1 to 4.3.2  Bumps System.Net.Http from 4.3.1 to 4.3.2. **This update includes a security fix.**  Signed-off-by: dependabot-preview[bot] <support@dependabot.com>
mowatermelon,learning-angular-webapp,59,8f2868fe2a977f3e3e88493d01961f0f233bbe1f,dependabot-preview[bot],2021-04-05 12:16:21,GitHub,2021-04-05 12:16:21,[Security] Bump open from 0.0.5 to 8.0.5  Bumps [open](https://github.com/sindresorhus/open) from 0.0.5 to 8.0.5. **This update includes security fixes.** - [Release notes](https://github.com/sindresorhus/open/releases) - [Commits](https://github.com/sindresorhus/open/commits/v8.0.5)  Signed-off-by: dependabot-preview[bot] <support@dependabot.com>
status-board,core,303,fedc7fc798557ad82ce00e06e2967ddfa84cb17e,dependabot-preview[bot],2021-04-05 11:50:51,GitHub,2021-04-05 11:50:51,chore(deps): [security] bump socket.io from 2.2.0 to 4.0.1  Bumps [socket.io](https://github.com/socketio/socket.io) from 2.2.0 to 4.0.1. **This update includes a security fix.** - [Release notes](https://github.com/socketio/socket.io/releases) - [Changelog](https://github.com/socketio/socket.io/blob/master/CHANGELOG.md) - [Commits](https://github.com/socketio/socket.io/compare/2.2.0...4.0.1)  Signed-off-by: dependabot-preview[bot] <support@dependabot.com>
ipfs,js-dag-service,446,f450c5b236c8ce7ec13d113b92171c353814c543,dependabot-preview[bot],2021-04-05 11:32:38,GitHub,2021-04-05 11:32:38,build(deps): [Security] Bump highlight.js from 10.1.2 to 10.7.2  Bumps [highlight.js](https://github.com/highlightjs/highlight.js) from 10.1.2 to 10.7.2. **This update includes a security fix.** - [Release notes](https://github.com/highlightjs/highlight.js/releases) - [Changelog](https://github.com/highlightjs/highlight.js/blob/10.7.2/CHANGES.md) - [Commits](https://github.com/highlightjs/highlight.js/compare/10.1.2...10.7.2)  Signed-off-by: dependabot-preview[bot] <support@dependabot.com>
msrose,node-package,41,21f1a561e9509faaa1e54f8d017ed9f3be2651fe,dependabot-preview[bot],2021-04-05 11:32:33,GitHub,2021-04-05 11:32:33,chore: [security] bump npm from 6.13.6 to 6.14.12  Bumps [npm](https://github.com/npm/cli) from 6.13.6 to 6.14.12. **This update includes a security fix.** - [Release notes](https://github.com/npm/cli/releases) - [Changelog](https://github.com/npm/cli/blob/v6.14.12/CHANGELOG.md) - [Commits](https://github.com/npm/cli/compare/v6.13.6...v6.14.12)  Signed-off-by: dependabot-preview[bot] <support@dependabot.com>
mondeja,remove-labels-gh-action,3,79fb8b6560eb20e67c26ba3652a3e25c5d00c87d,dependabot-preview[bot],2021-04-05 11:31:50,GitHub,2021-04-05 11:31:50,[Security] Bump node-notifier from 8.0.0 to 8.0.2  Bumps [node-notifier](https://github.com/mikaelbr/node-notifier) from 8.0.0 to 8.0.2. **This update includes a security fix.** - [Release notes](https://github.com/mikaelbr/node-notifier/releases) - [Changelog](https://github.com/mikaelbr/node-notifier/blob/master/CHANGELOG.md) - [Commits](https://github.com/mikaelbr/node-notifier/compare/v8.0.0...v8.0.2)  Signed-off-by: dependabot-preview[bot] <support@dependabot.com>
Meadowsys,sani,80,586747d355c08be57dbc1c22a7028a566efe04dc,dependabot-preview[bot],2021-04-05 11:29:26,GitHub,2021-04-05 11:29:26,[Security] Bump highlight.js from 10.2.0 to 10.7.2  Bumps [highlight.js](https://github.com/highlightjs/highlight.js) from 10.2.0 to 10.7.2. **This update includes a security fix.** - [Release notes](https://github.com/highlightjs/highlight.js/releases) - [Changelog](https://github.com/highlightjs/highlight.js/blob/10.7.2/CHANGES.md) - [Commits](https://github.com/highlightjs/highlight.js/compare/10.2.0...10.7.2)  Signed-off-by: dependabot-preview[bot] <support@dependabot.com>
sayrilamar,react-color,120,7f331c8aa09595ab2fde6c3802e96e47a8beead2,dependabot-preview[bot],2021-04-05 11:24:55,GitHub,2021-04-05 11:24:55,[Security] Bump highlight.js from 9.18.5 to 10.7.2  Bumps [highlight.js](https://github.com/highlightjs/highlight.js) from 9.18.5 to 10.7.2. **This update includes a security fix.** - [Release notes](https://github.com/highlightjs/highlight.js/releases) - [Changelog](https://github.com/highlightjs/highlight.js/blob/10.7.2/CHANGES.md) - [Commits](https://github.com/highlightjs/highlight.js/compare/9.18.5...10.7.2)  Signed-off-by: dependabot-preview[bot] <support@dependabot.com>
helpyio,helpy,1973,4e8e9ce46aba796547f05e12afadbf4db79247c3,dependabot-preview[bot],2021-04-05 11:52:17,GitHub,2021-04-05 11:52:17,Upgrade: Bump rexml from 3.2.4 to 3.2.5  Bumps [rexml](https://github.com/ruby/rexml) from 3.2.4 to 3.2.5. - [Release notes](https://github.com/ruby/rexml/releases) - [Changelog](https://github.com/ruby/rexml/blob/master/NEWS.md) - [Commits](https://github.com/ruby/rexml/compare/v3.2.4...v3.2.5)  Signed-off-by: dependabot-preview[bot] <support@dependabot.com>
aemc,goal-coach,22,eeb83342f81818ea5b141b74de719475d8040ce3,dependabot-preview[bot],2021-04-05 11:19:41,GitHub,2021-04-05 11:19:41,[Security] Bump y18n from 3.2.1 to 3.2.2  Bumps [y18n](https://github.com/yargs/y18n) from 3.2.1 to 3.2.2. **This update includes a security fix.** - [Release notes](https://github.com/yargs/y18n/releases) - [Changelog](https://github.com/yargs/y18n/blob/master/CHANGELOG.md) - [Commits](https://github.com/yargs/y18n/commits)  Signed-off-by: dependabot-preview[bot] <support@dependabot.com>
uwpokerclub,app,32,fc8b2918873054962224349510c134a6be9c5a6f,dependabot-preview[bot],2021-04-05 11:19:23,GitHub,2021-04-05 11:19:23,build(deps): [security] bump react-dev-utils from 11.0.3 to 11.0.4  Bumps [react-dev-utils](https://github.com/facebook/create-react-app/tree/HEAD/packages/react-dev-utils) from 11.0.3 to 11.0.4. **This update includes a security fix.** - [Release notes](https://github.com/facebook/create-react-app/releases) - [Changelog](https://github.com/facebook/create-react-app/blob/master/CHANGELOG-1.x.md) - [Commits](https://github.com/facebook/create-react-app/commits/HEAD/packages/react-dev-utils)  Signed-off-by: dependabot-preview[bot] <support@dependabot.com>
aemc,jest,28,4a89d6fcdf8f7e545f855ffcc38d48a4f08abd90,dependabot-preview[bot],2021-04-05 11:18:57,GitHub,2021-04-05 11:18:57,[Security] Bump codecov from 2.3.0 to 3.7.1  Bumps [codecov](https://github.com/codecov/codecov-node) from 2.3.0 to 3.7.1. **This update includes security fixes.** - [Release notes](https://github.com/codecov/codecov-node/releases) - [Changelog](https://github.com/codecov/codecov-node/blob/master/CHANGELOG.md) - [Commits](https://github.com/codecov/codecov-node/commits/v3.7.1)  Signed-off-by: dependabot-preview[bot] <support@dependabot.com>
pilleye,jumpstart,78,d0b36d9b6488caee7721f4b5ef70728438841f6a,dependabot-preview[bot],2021-04-05 11:34:09,GitHub,2021-04-05 11:34:09,Bump ansible from 2.9.7 to 3.2.0  Bumps [ansible](https://github.com/ansible/ansible) from 2.9.7 to 3.2.0. - [Release notes](https://github.com/ansible/ansible/releases) - [Commits](https://github.com/ansible/ansible/commits)  Signed-off-by: dependabot-preview[bot] <support@dependabot.com>
aemc,goal-coach,21,0be61dffecb6d68b3364eeae7bc37e9248f0d1b7,dependabot-preview[bot],2021-04-05 11:17:27,GitHub,2021-04-05 11:17:27,[Security] Bump eslint-utils from 1.3.1 to 1.4.3  Bumps [eslint-utils](https://github.com/mysticatea/eslint-utils) from 1.3.1 to 1.4.3. **This update includes security fixes.** - [Release notes](https://github.com/mysticatea/eslint-utils/releases) - [Commits](https://github.com/mysticatea/eslint-utils/compare/v1.3.1...v1.4.3)  Signed-off-by: dependabot-preview[bot] <support@dependabot.com>
aemc,material-ui,21,c4c63999a05b6524b3b21ba17a24b1fb3c154ab1,dependabot-preview[bot],2021-04-05 11:17:23,GitHub,2021-04-05 11:17:23,[Security] Bump marked from 0.5.1 to 0.7.0  Bumps [marked](https://github.com/markedjs/marked) from 0.5.1 to 0.7.0. **This update includes a security fix.** - [Release notes](https://github.com/markedjs/marked/releases) - [Changelog](https://github.com/markedjs/marked/blob/master/release.config.js) - [Commits](https://github.com/markedjs/marked/compare/v0.5.1...v0.7.0)  Signed-off-by: dependabot-preview[bot] <support@dependabot.com>
status-board,status-board,1165,4e3bd0faa9711c26d2111be2de0eb33ba2b8525b,dependabot-preview[bot],2021-04-05 11:49:00,GitHub,2021-04-05 11:49:00,chore(deps): [security] bump socket.io from 2.3.0 to 4.0.1  Bumps [socket.io](https://github.com/socketio/socket.io) from 2.3.0 to 4.0.1. **This update includes a security fix.** - [Release notes](https://github.com/socketio/socket.io/releases) - [Changelog](https://github.com/socketio/socket.io/blob/master/CHANGELOG.md) - [Commits](https://github.com/socketio/socket.io/compare/2.3.0...4.0.1)  Signed-off-by: dependabot-preview[bot] <support@dependabot.com>
ganoninc,gulp-webserver,52,017bf416cb582a5038edc4a2ae3f80e5afabc418,dependabot-preview[bot],2021-04-05 11:12:48,GitHub,2021-04-05 11:12:48,[Security] Bump open from 0.0.5 to 8.0.5  Bumps [open](https://github.com/sindresorhus/open) from 0.0.5 to 8.0.5. **This update includes security fixes.** - [Release notes](https://github.com/sindresorhus/open/releases) - [Commits](https://github.com/sindresorhus/open/commits/v8.0.5)  Signed-off-by: dependabot-preview[bot] <support@dependabot.com>
moimikey,imagesloaded,44,910bee36e6a2d227fe3b663db082f4f34be2e854,dependabot-preview[bot],2021-04-05 11:11:39,GitHub,2021-04-05 11:11:39,[Security] Bump highlight.js from 8.9.1 to 10.7.2  Bumps [highlight.js](https://github.com/highlightjs/highlight.js) from 8.9.1 to 10.7.2. **This update includes a security fix.** - [Release notes](https://github.com/highlightjs/highlight.js/releases) - [Changelog](https://github.com/highlightjs/highlight.js/blob/10.7.2/CHANGES.md) - [Commits](https://github.com/highlightjs/highlight.js/compare/8.9.1...10.7.2)  Signed-off-by: dependabot-preview[bot] <support@dependabot.com>
mrlynn,meanstore,670,7c1abe64d05a57566e3719325dcbe6fe1ce9a657,dependabot-preview[bot],2021-04-05 11:02:55,GitHub,2021-04-05 11:02:55,[Security] Bump highlight.js from 9.17.1 to 10.7.2  Bumps [highlight.js](https://github.com/highlightjs/highlight.js) from 9.17.1 to 10.7.2. **This update includes security fixes.** - [Release notes](https://github.com/highlightjs/highlight.js/releases) - [Changelog](https://github.com/highlightjs/highlight.js/blob/10.7.2/CHANGES.md) - [Commits](https://github.com/highlightjs/highlight.js/compare/9.17.1...10.7.2)  Signed-off-by: dependabot-preview[bot] <support@dependabot.com>
piemasters,MiniToTheMax,1539,c13c403f7941f920606abcbaefb58108bd9a02a4,dependabot-preview[bot],2021-04-05 11:00:02,GitHub,2021-04-05 11:00:02,chore(deps): [security] bump react-dev-utils from 11.0.3 to 11.0.4  Bumps [react-dev-utils](https://github.com/facebook/create-react-app/tree/HEAD/packages/react-dev-utils) from 11.0.3 to 11.0.4. **This update includes a security fix.** - [Release notes](https://github.com/facebook/create-react-app/releases) - [Changelog](https://github.com/facebook/create-react-app/blob/master/CHANGELOG-1.x.md) - [Commits](https://github.com/facebook/create-react-app/commits/HEAD/packages/react-dev-utils)  Signed-off-by: dependabot-preview[bot] <support@dependabot.com>
yotie,micron,102,8eb5ba026ed41b903d8a12beba1d495e539c7361,dependabot-preview[bot],2021-04-05 10:57:52,GitHub,2021-04-05 10:57:52,chore(deps): [security] bump highlight.js from 10.3.2 to 10.7.2  Bumps [highlight.js](https://github.com/highlightjs/highlight.js) from 10.3.2 to 10.7.2. **This update includes a security fix.** - [Release notes](https://github.com/highlightjs/highlight.js/releases) - [Changelog](https://github.com/highlightjs/highlight.js/blob/10.7.2/CHANGES.md) - [Commits](https://github.com/highlightjs/highlight.js/compare/10.3.2...10.7.2)  Signed-off-by: dependabot-preview[bot] <support@dependabot.com>
fu4303,mxb,10,8c678f00160d53abc565aeb0fadbc13591728771,dependabot-preview[bot],2021-04-05 10:56:08,GitHub,2021-04-05 10:56:08,Bump sanitize-html from 2.3.0 to 2.3.3  Bumps [sanitize-html](https://github.com/apostrophecms/sanitize-html) from 2.3.0 to 2.3.3. - [Release notes](https://github.com/apostrophecms/sanitize-html/releases) - [Changelog](https://github.com/apostrophecms/sanitize-html/blob/main/CHANGELOG.md) - [Commits](https://github.com/apostrophecms/sanitize-html/compare/2.3.0...2.3.3)  Signed-off-by: dependabot-preview[bot] <support@dependabot.com>
fu4303,react-covid-tracker,10,3347b87eb254fc43afe25bce836374badd4a5a2d,dependabot-preview[bot],2021-04-05 10:55:35,GitHub,2021-04-05 10:55:35,Bump chart.js from 2.9.3 to 2.9.4  Bumps [chart.js](https://github.com/chartjs/Chart.js) from 2.9.3 to 2.9.4. - [Release notes](https://github.com/chartjs/Chart.js/releases) - [Commits](https://github.com/chartjs/Chart.js/compare/v2.9.3...v2.9.4)  Signed-off-by: dependabot-preview[bot] <support@dependabot.com>
belsrc,react-ts-demo,171,a4a98763c0e46cc22388409a79f90b41731fda45,dependabot-preview[bot],2021-04-05 11:17:46,GitHub,2021-04-05 11:17:46,build(deps): [security] bump yargs-parser from 5.0.0 to 5.0.1  Bumps [yargs-parser](https://github.com/yargs/yargs-parser) from 5.0.0 to 5.0.1. **This update includes a security fix.** - [Release notes](https://github.com/yargs/yargs-parser/releases) - [Changelog](https://github.com/yargs/yargs-parser/blob/v5.0.1/CHANGELOG.md) - [Commits](https://github.com/yargs/yargs-parser/compare/v5.0.0...v5.0.1)  Signed-off-by: dependabot-preview[bot] <support@dependabot.com>
fu4303,mxb,8,48125b8251feda8af40f1a9cde7785e9f6d20e26,dependabot-preview[bot],2021-04-05 10:52:54,GitHub,2021-04-05 10:52:54,Bump lodash from 4.17.20 to 4.17.21  Bumps [lodash](https://github.com/lodash/lodash) from 4.17.20 to 4.17.21. - [Release notes](https://github.com/lodash/lodash/releases) - [Commits](https://github.com/lodash/lodash/compare/4.17.20...4.17.21)  Signed-off-by: dependabot-preview[bot] <support@dependabot.com>
usgs,nwisweb-tableau-data-connector,261,b3438304c1103b96fb02309bc3dfe0134003dd13,dependabot-preview[bot],2021-04-05 10:50:25,GitHub,2021-04-05 10:50:25,[Security] Bump highlight.js from 10.4.0 to 10.7.2  Bumps [highlight.js](https://github.com/highlightjs/highlight.js) from 10.4.0 to 10.7.2. **This update includes a security fix.** - [Release notes](https://github.com/highlightjs/highlight.js/releases) - [Changelog](https://github.com/highlightjs/highlight.js/blob/10.7.2/CHANGES.md) - [Commits](https://github.com/highlightjs/highlight.js/compare/10.4.0...10.7.2)  Signed-off-by: dependabot-preview[bot] <support@dependabot.com>
fu4303,mxbstr,8,d1e179d17abd9072838a20c2f9721c3486d1dc5c,dependabot-preview[bot],2021-04-05 10:50:16,GitHub,2021-04-05 10:50:16,[Security] Bump prismjs from 1.22.0 to 1.23.0  Bumps [prismjs](https://github.com/PrismJS/prism) from 1.22.0 to 1.23.0. **This update includes a security fix.** - [Release notes](https://github.com/PrismJS/prism/releases) - [Changelog](https://github.com/PrismJS/prism/blob/master/CHANGELOG.md) - [Commits](https://github.com/PrismJS/prism/compare/v1.22.0...v1.23.0)  Signed-off-by: dependabot-preview[bot] <support@dependabot.com>
fu4303,lauracharvey,8,e7cb8cf443e92c72f8372aff74dfcc10ddf61a3e,dependabot-preview[bot],2021-04-05 10:50:13,GitHub,2021-04-05 10:50:13,[Security] Bump axios from 0.19.2 to 0.21.1  Bumps [axios](https://github.com/axios/axios) from 0.19.2 to 0.21.1. **This update includes a security fix.** - [Release notes](https://github.com/axios/axios/releases) - [Changelog](https://github.com/axios/axios/blob/master/CHANGELOG.md) - [Commits](https://github.com/axios/axios/compare/v0.19.2...v0.21.1)  Signed-off-by: dependabot-preview[bot] <support@dependabot.com>
fu4303,react-covid-tracker,8,9b7b73b6e5a2dc08e1595e0bd084516d48f342e5,dependabot-preview[bot],2021-04-05 10:49:58,GitHub,2021-04-05 10:49:58,[Security] Bump axios from 0.19.2 to 0.21.1  Bumps [axios](https://github.com/axios/axios) from 0.19.2 to 0.21.1. **This update includes a security fix.** - [Release notes](https://github.com/axios/axios/releases) - [Changelog](https://github.com/axios/axios/blob/master/CHANGELOG.md) - [Commits](https://github.com/axios/axios/compare/v0.19.2...v0.21.1)  Signed-off-by: dependabot-preview[bot] <support@dependabot.com>
fu4303,portfolio-dnd,10,b050d407e4d79198abdf6d12c85b137d9087a94c,dependabot-preview[bot],2021-04-05 10:48:16,GitHub,2021-04-05 10:48:16,[Security] Bump gsap from 3.5.1 to 3.6.0  Bumps [gsap](https://github.com/greensock/GSAP) from 3.5.1 to 3.6.0. **This update includes a security fix.** - [Release notes](https://github.com/greensock/GSAP/releases) - [Commits](https://github.com/greensock/GSAP/compare/3.5.1...3.6.0)  Signed-off-by: dependabot-preview[bot] <support@dependabot.com>
fu4303,eb-products,17,4df7970cdd8f29bba6e48f6924657a3896d95c33,dependabot-preview[bot],2021-04-05 10:48:12,GitHub,2021-04-05 10:48:12,[Security] Bump axios from 0.19.2 to 0.21.1  Bumps [axios](https://github.com/axios/axios) from 0.19.2 to 0.21.1. **This update includes a security fix.** - [Release notes](https://github.com/axios/axios/releases) - [Changelog](https://github.com/axios/axios/blob/master/CHANGELOG.md) - [Commits](https://github.com/axios/axios/compare/v0.19.2...v0.21.1)  Signed-off-by: dependabot-preview[bot] <support@dependabot.com>
decentraland,builder,1288,08af4e9e2f83eed5485d5b261ec53058cf79875f,dependabot-preview[bot],2021-04-14 19:21:05,GitHub,2021-04-14 19:21:05,chore(deps): [security] bump react-dev-utils from 7.0.5 to 11.0.4  Bumps [react-dev-utils](https://github.com/facebook/create-react-app/tree/HEAD/packages/react-dev-utils) from 7.0.5 to 11.0.4. **This update includes a security fix.** - [Release notes](https://github.com/facebook/create-react-app/releases) - [Changelog](https://github.com/facebook/create-react-app/blob/master/CHANGELOG-1.x.md) - [Commits](https://github.com/facebook/create-react-app/commits/HEAD/packages/react-dev-utils)  Signed-off-by: dependabot-preview[bot] <support@dependabot.com>
fu4303,pokedex,13,2978bbee6d2c2342a7a52eaa077fe6fc98c2c55b,dependabot-preview[bot],2021-04-05 10:47:51,GitHub,2021-04-05 10:47:51,[Security] Bump react from 0.0.0-experimental-f6b8d31a7 to 0.14.0  Bumps [react](https://github.com/facebook/react/tree/HEAD/packages/react) from 0.0.0-experimental-f6b8d31a7 to 0.14.0. **This update includes a security fix.** - [Release notes](https://github.com/facebook/react/releases) - [Changelog](https://github.com/facebook/react/blob/master/CHANGELOG.md) - [Commits](https://github.com/facebook/react/commits/v0.14.0/packages/react)  Signed-off-by: dependabot-preview[bot] <support@dependabot.com>
fu4303,react-hackernews,12,0ce26cfcd3adad01422d5133bffa2a70d5d05c5c,dependabot-preview[bot],2021-04-05 10:47:38,GitHub,2021-04-05 10:47:38,[Security] Bump axios from 0.19.2 to 0.21.1  Bumps [axios](https://github.com/axios/axios) from 0.19.2 to 0.21.1. **This update includes a security fix.** - [Release notes](https://github.com/axios/axios/releases) - [Changelog](https://github.com/axios/axios/blob/master/CHANGELOG.md) - [Commits](https://github.com/axios/axios/compare/v0.19.2...v0.21.1)  Signed-off-by: dependabot-preview[bot] <support@dependabot.com>
ruhacks,quill,29,cbd014d830a0077902aee447cc9cd9cd23d0b5fd,dependabot-preview[bot],2021-04-05 10:52:59,GitHub,2021-04-05 10:52:59,[Security] Bump yargs-parser from 5.0.0 to 5.0.1  Bumps [yargs-parser](https://github.com/yargs/yargs-parser) from 5.0.0 to 5.0.1. **This update includes a security fix.** - [Release notes](https://github.com/yargs/yargs-parser/releases) - [Changelog](https://github.com/yargs/yargs-parser/blob/v5.0.1/CHANGELOG.md) - [Commits](https://github.com/yargs/yargs-parser/compare/v5.0.0...v5.0.1)  Signed-off-by: dependabot-preview[bot] <support@dependabot.com>
fu4303,starter-nextjs-bus,8,f357ffd94b3fa75e3cec24fe5ff5751131ca3d56,dependabot-preview[bot],2021-04-05 10:46:32,GitHub,2021-04-05 10:46:32,[Security] Bump next-auth from 3.2.0 to 3.3.0  Bumps [next-auth](https://github.com/nextauthjs/next-auth) from 3.2.0 to 3.3.0. **This update includes a security fix.** - [Release notes](https://github.com/nextauthjs/next-auth/releases) - [Changelog](https://github.com/nextauthjs/next-auth/blob/main/CHANGELOG.md) - [Commits](https://github.com/nextauthjs/next-auth/compare/v3.2.0...v3.3.0)  Signed-off-by: dependabot-preview[bot] <support@dependabot.com>
mattblubaugh,javascript-development-environment,65,d7e0681b3708912aefa30f25c356c3d87ed5cdb9,dependabot-preview[bot],2021-04-05 10:41:21,GitHub,2021-04-05 10:41:21,[Security] Bump open from 0.0.5 to 8.0.5  Bumps [open](https://github.com/sindresorhus/open) from 0.0.5 to 8.0.5. **This update includes security fixes.** - [Release notes](https://github.com/sindresorhus/open/releases) - [Commits](https://github.com/sindresorhus/open/commits/v8.0.5)  Signed-off-by: dependabot-preview[bot] <support@dependabot.com>
mark-monteiro,smokes-lets-go,28,87ba00da32162a5b740a55d46fe36660fa8e5f98,dependabot-preview[bot],2021-04-05 10:39:49,GitHub,2021-04-05 10:39:49,[Security] Bump kramdown from 2.3.0 to 2.3.1  Bumps [kramdown](https://github.com/gettalong/kramdown) from 2.3.0 to 2.3.1. **This update includes security fixes.** - [Release notes](https://github.com/gettalong/kramdown/releases) - [Changelog](https://github.com/gettalong/kramdown/blob/master/doc/news.page) - [Commits](https://github.com/gettalong/kramdown/commits)  Signed-off-by: dependabot-preview[bot] <support@dependabot.com>
rogeriorioli,personal_lp_nextjs,38,35855f3e369a90cd2a962f2c9cd663e2e169afd4,dependabot-preview[bot],2021-04-05 10:36:04,GitHub,2021-04-05 10:36:04,[Security] Bump npm from 6.9.0 to 6.14.12  Bumps [npm](https://github.com/npm/cli) from 6.9.0 to 6.14.12. **This update includes security fixes.** - [Release notes](https://github.com/npm/cli/releases) - [Changelog](https://github.com/npm/cli/blob/v6.14.12/CHANGELOG.md) - [Commits](https://github.com/npm/cli/compare/v6.9.0...v6.14.12)  Signed-off-by: dependabot-preview[bot] <support@dependabot.com>
remotehour,rrule-duration,10,af3df305afdc3070b93475de44038e2b01a694ed,dependabot-preview[bot],2021-04-05 10:32:12,GitHub,2021-04-05 10:32:12,[Security] Bump y18n from 4.0.0 to 4.0.1  Bumps [y18n](https://github.com/yargs/y18n) from 4.0.0 to 4.0.1. **This update includes a security fix.** - [Release notes](https://github.com/yargs/y18n/releases) - [Changelog](https://github.com/yargs/y18n/blob/master/CHANGELOG.md) - [Commits](https://github.com/yargs/y18n/commits)  Signed-off-by: dependabot-preview[bot] <support@dependabot.com>
fu4303,starter-11ty-base,11,14d48cf84f65b78d63ef3b7e9be4c6513310767a,dependabot-preview[bot],2021-04-05 10:46:55,GitHub,2021-04-05 10:46:55,[Security] Bump axios from 0.19.2 to 0.21.1  Bumps [axios](https://github.com/axios/axios) from 0.19.2 to 0.21.1. **This update includes a security fix.** - [Release notes](https://github.com/axios/axios/releases) - [Changelog](https://github.com/axios/axios/blob/master/CHANGELOG.md) - [Commits](https://github.com/axios/axios/compare/v0.19.2...v0.21.1)  Signed-off-by: dependabot-preview[bot] <support@dependabot.com>
aemc,material-ui,20,c14bde950fe2c5d8b83ac2d560391b1c40f33ec8,dependabot-preview[bot],2021-04-05 11:16:34,GitHub,2021-04-05 11:16:34,[Security] Bump next from 7.0.0 to 9.3.2  Bumps [next](https://github.com/vercel/next.js) from 7.0.0 to 9.3.2. **This update includes security fixes.** - [Release notes](https://github.com/vercel/next.js/releases) - [Changelog](https://github.com/vercel/next.js/blob/canary/release.js) - [Commits](https://github.com/vercel/next.js/compare/7.0.0...v9.3.2)  Signed-off-by: dependabot-preview[bot] <support@dependabot.com>
lingnet,functions-samples,239,ed038996e3c35a78b9431a296b5a1ce7bc1e0fc2,dependabot-preview[bot],2021-04-05 11:22:40,GitHub,2021-04-05 11:22:40,[Security] Bump next from 3.0.1-beta.18 to 10.1.3  Bumps [next](https://github.com/vercel/next.js) from 3.0.1-beta.18 to 10.1.3. **This update includes security fixes.** - [Release notes](https://github.com/vercel/next.js/releases) - [Changelog](https://github.com/vercel/next.js/blob/canary/release.js) - [Commits](https://github.com/vercel/next.js/compare/3.0.1-beta.18...v10.1.3)  Signed-off-by: dependabot-preview[bot] <support@dependabot.com>
Judahh,pocketDoc,153,ae174021db53b418220750ffdce42bf1ea86c5f6,dependabot-preview[bot],2021-04-05 10:22:50,GitHub,2021-04-05 10:22:50,[Security] Bump mongoose from 5.6.5 to 5.12.3  Bumps [mongoose](https://github.com/Automattic/mongoose) from 5.6.5 to 5.12.3. **This update includes a security fix.** - [Release notes](https://github.com/Automattic/mongoose/releases) - [Changelog](https://github.com/Automattic/mongoose/blob/master/History.md) - [Commits](https://github.com/Automattic/mongoose/compare/5.6.5...5.12.3)  Signed-off-by: dependabot-preview[bot] <support@dependabot.com>
biglotteryfund,craft-dev,577,c1d69467836a73cb9d9134bb2dcd95d9b9f71e97,dependabot-preview[bot],2021-04-05 10:22:48,GitHub,2021-04-05 10:22:48,[Security] Bump y18n from 5.0.1 to 5.0.6  Bumps [y18n](https://github.com/yargs/y18n) from 5.0.1 to 5.0.6. **This update includes a security fix.** - [Release notes](https://github.com/yargs/y18n/releases) - [Changelog](https://github.com/yargs/y18n/blob/master/CHANGELOG.md) - [Commits](https://github.com/yargs/y18n/compare/v5.0.1...v5.0.6)  Signed-off-by: dependabot-preview[bot] <support@dependabot.com>
martinfrancois,wdio-mobile-utils,606,08fd8454ad626eea391c705ac64c0e92e098439b,dependabot-preview[bot],2021-04-05 10:15:50,GitHub,2021-04-05 10:15:50,build(deps): [security] bump highlight.js from 10.0.3 to 10.7.2  Bumps [highlight.js](https://github.com/highlightjs/highlight.js) from 10.0.3 to 10.7.2. **This update includes security fixes.** - [Release notes](https://github.com/highlightjs/highlight.js/releases) - [Changelog](https://github.com/highlightjs/highlight.js/blob/10.7.2/CHANGES.md) - [Commits](https://github.com/highlightjs/highlight.js/compare/10.0.3...10.7.2)  Signed-off-by: dependabot-preview[bot] <support@dependabot.com>
ember-learn,deprecation-app,831,7861bcedc4d687aba5cf1c86626f206c208fd8c0,dependabot-preview[bot],2021-04-05 10:16:45,GitHub,2021-04-05 10:16:45,[Security] Bump prismjs from 1.22.0 to 1.23.0  Bumps [prismjs](https://github.com/PrismJS/prism) from 1.22.0 to 1.23.0. **This update includes a security fix.** - [Release notes](https://github.com/PrismJS/prism/releases) - [Changelog](https://github.com/PrismJS/prism/blob/master/CHANGELOG.md) - [Commits](https://github.com/PrismJS/prism/compare/v1.22.0...v1.23.0)  Signed-off-by: dependabot-preview[bot] <support@dependabot.com>
cesi-it-aix,bea-front,143,917ded6e9d6d84cf4f2e198d301fe73c206d40c8,dependabot-preview[bot],2021-04-05 10:10:51,GitHub,2021-04-05 10:10:51,[Security] Bump apollo-server-core from 2.9.13 to 2.22.2  Bumps [apollo-server-core](https://github.com/apollographql/apollo-server/tree/HEAD/packages/apollo-server-core) from 2.9.13 to 2.22.2. **This update includes a security fix.** - [Release notes](https://github.com/apollographql/apollo-server/releases) - [Changelog](https://github.com/apollographql/apollo-server/blob/main/CHANGELOG.md) - [Commits](https://github.com/apollographql/apollo-server/commits/apollo-server-core@2.22.2/packages/apollo-server-core)  Signed-off-by: dependabot-preview[bot] <support@dependabot.com>
